ID,Name,Full Name,Private,Owner,URL,Created At,Updated At,Pushed At,Description
697674991,Golang-Github-API,Ronfflex/Golang-Github-API,false,Ronfflex,https://github.com/Ronfflex/Golang-Github-API,2023-09-28 08:41:40 +0000 UTC,2023-09-28 08:41:41 +0000 UTC,2023-09-28 08:52:42 +0000 UTC,Project 4A IBC : API Github
649327141,PlanodeZoo,Ronfflex/PlanodeZoo,false,Ronfflex,https://github.com/Ronfflex/PlanodeZoo,2023-06-04 14:05:20 +0000 UTC,2023-07-20 23:33:28 +0000 UTC,2023-07-21 08:13:42 +0000 UTC,
668474163,Fleet-Management-3A-Linux,Ronfflex/Fleet-Management-3A-Linux,false,Ronfflex,https://github.com/Ronfflex/Fleet-Management-3A-Linux,2023-07-19 22:39:44 +0000 UTC,2023-07-19 22:39:44 +0000 UTC,2023-07-18 02:34:39 +0000 UTC,Fleet Vehicle Management Web Application Development Suite
661345067,Magnola-test-pokedex,Ronfflex/Magnola-test-pokedex,false,Ronfflex,https://github.com/Ronfflex/Magnola-test-pokedex,2023-07-02 14:56:05 +0000 UTC,2023-07-03 21:45:31 +0000 UTC,2023-07-03 21:25:02 +0000 UTC,Challenge technique Magnola.fr
367962355,streamon,Ronfflex/streamon,false,Ronfflex,https://github.com/Ronfflex/streamon,2021-05-16 18:56:16 +0000 UTC,2023-07-02 01:09:43 +0000 UTC,2023-07-02 01:08:27 +0000 UTC,PA 1ère année. Site de streaming d'anime
612309824,Algo,Ronfflex/Algo,false,Ronfflex,https://github.com/Ronfflex/Algo,2023-03-10 16:49:07 +0000 UTC,2023-07-02 00:58:59 +0000 UTC,2023-04-11 18:03:33 +0000 UTC,Rendu soutenance algo. Partie 1 + rotations
656220702,Affluences-test,Ronfflex/Affluences-test,false,Ronfflex,https://github.com/Ronfflex/Affluences-test,2023-06-20 13:49:46 +0000 UTC,2023-07-02 00:58:06 +0000 UTC,2023-06-21 01:10:13 +0000 UTC,
661128396,CoinPaprika-API-React-3IBC,Ronfflex/CoinPaprika-API-React-3IBC,false,Ronfflex,https://github.com/Ronfflex/CoinPaprika-API-React-3IBC,2023-07-01 22:01:15 +0000 UTC,2023-07-02 00:57:19 +0000 UTC,2023-07-02 00:52:49 +0000 UTC,Exam Assignement ESGI 3IBC React course
562513993,Pokemon-HYU,Ronfflex/Pokemon-HYU,false,Ronfflex,https://github.com/Ronfflex/Pokemon-HYU,2022-11-06 15:42:23 +0000 UTC,2023-04-11 18:12:58 +0000 UTC,2022-11-13 08:24:20 +0000 UTC,
